S,B,latency_s,memory_bytes,energy_j,is_oom,is_validation
32,1,0.0006650844999285255,18763776,0.01836068850150184,False,False
32,2,0.0006813745000044946,18874368,0.018492844617371985,False,False
32,4,0.0006887425000741132,19095552,0.019611667192610337,False,False
32,8,0.0007115089999842894,19537920,0.020523121350046837,False,False
32,16,0.0008806504999938625,14843904,0.025535033670147044,False,False
32,32,0.0009734105001371063,15958016,0.027302704413095624,False,False
32,64,0.00122486850000314,18186240,0.03847648797347363,False,False
32,128,0.00264813299997968,59342848,0.09766513113900059,False,False
32,256,0.004277526999885595,103669760,0.18093939209516066,False,False
64,1,0.0007223344998692482,23969792,0.025467708629140016,False,False
64,2,0.000679110499959279,24117248,0.020718133355132697,False,False
64,4,0.000655179999853317,24903680,0.02085582079133076,False,False
64,8,0.000990026500062413,17793536,0.03294471583197689,False,False
64,16,0.0006893349999472775,19497472,0.023676244575689172,False,False
64,32,0.000986495000006471,22642688,0.036196474540237424,False,False
64,64,0.0014122175000466086,31555584,0.06061519953700053,False,False
64,128,0.004562202999977671,76644352,0.2479698758780864,False,False
64,256,0.008629346000020632,138272768,0.523227882159551,False,False
128,1,0.0007843964999665332,26611712,0.03497525943788276,False,False
128,2,0.0006789504999460405,17794048,0.02670889424212731,False,False
128,4,0.0007043570000178079,19497984,0.028425735449718676,False,False
128,8,0.000910556999997425,22642688,0.03900243431508971,False,False
128,16,0.0013052255000047808,31555584,0.068524077705151,False,False
128,32,0.002347992500062901,49381376,0.13394498895408832,False,False
128,64,0.004695067499937977,119316480,0.2938548846861181,False,False
128,128,0.014773923000007017,223518720,0.9497601074592013,False,False
128,256,0.029099476499936827,431923200,1.7966744277973494,False,False
224,1,0.0008537399999113404,64765952,0.04471002229935694,False,False
224,2,0.0009895499999856838,21308928,0.039652357004426333,False,False
224,4,0.0011179885000274226,27435008,0.05536681527995806,False,False
224,8,0.0019095010000000912,41426944,0.11901776520425568,False,False
224,16,0.0034756790000756155,68321280,0.28519475494380464,False,False
224,32,0.006912297999974726,174673920,0.46146847062731283,False,False
224,64,0.014232360999926641,335904768,0.8842523192171421,False,False
224,128,0.04670011799998974,655458304,3.1661746001633047,False,False
224,256,0.09474010449991965,1292992512,5.98428238576355,False,False
256,1,0.0007147794999582402,169807872,0.029813810333008187,False,False
256,2,0.000762795500008906,22906880,0.03785143830144193,False,False
256,4,0.0013147060000164856,31555584,0.07125837990689354,False,False
256,8,0.0023527480000211654,49381376,0.17899236234561025,False,False
256,16,0.004396451499928844,119316480,0.27184468648222526,False,False
256,32,0.008836248499960675,223518720,0.5098223788276811,False,False
256,64,0.017306246499970257,431923200,1.2203889110000279,False,False
256,128,0.05912254099996517,848732160,4.037856709150021,False,False
256,256,0.11842434499999399,1683062784,8.206475520333582,False,False
384,1,0.0008594254999252371,216928256,0.037077721659249545,False,False
384,2,0.001387840999996115,33783808,0.06968488445080492,False,False
384,4,0.0024866340000926357,53837824,0.15157227814884658,False,False
384,8,0.005048331000011785,95125504,0.3882822822039065,False,False
384,16,0.009803137999938372,227639296,0.5726919696028997,False,False
384,32,0.01994563100004143,436260864,1.3101866145676218,False,False
384,64,0.040900062499986234,857407488,2.825333372433424,False,False
384,128,0.1359640875000423,1699840000,9.314770468744772,False,False
384,256,0.27458390799995414,3384287232,19.361144749398566,False,False
512,1,0.001413619999993898,469962752,0.08052686329965239,False,False
512,2,0.0022693404999927225,50036736,0.13807121470055722,False,False
512,4,0.004669215999911103,85032960,0.26890925440608027,False,False
512,8,0.009202009499972519,156336128,0.5229575614910382,False,False
512,16,0.017524875000049178,399734784,1.1992964195096159,False,False
512,32,0.03707838249999895,784355328,2.5673628218736777,False,False
512,64,0.0772328490000973,1553596416,5.07040218477804,False,False
512,128,0.24805819750008595,3092348928,17.961013474380092,False,False
512,256,0.49883452799997485,6169042944,34.88117896248304,False,False
208,37,0.007541496500039102,838347776,0.5142584170859161,False,True
208,124,0.03804350550001345,508067840,2.58666734118384,False,True
208,87,0.02736718649998693,377288704,1.7769007901491263,False,True
368,37,0.024736727999879804,573104128,1.6004650647558234,False,True
368,124,0.13331368800004384,1624895488,9.098645874634192,False,True
368,87,0.09696583149991511,1193327616,6.9683331217435995,False,True
48,37,0.0009234895001100085,156170240,0.05595686075674071,False,True
48,124,0.002537947000064378,64493568,0.15803136103180862,False,True
48,87,0.0019328639999685038,49812480,0.1302499063658776,False,True
416,37,0.03090213250004581,696197120,2.017159875539866,False,True
416,124,0.1619159754999373,1985126400,11.222299112315357,False,True
416,87,0.11669373249992532,1454526464,7.7636573619665326,False,True
32,37,0.0008341154998561251,194889728,0.04265758418969209,False,True
32,124,0.0020494644999189404,57509888,0.12793464473746502,False,True
32,87,0.0017264650000470283,44912640,0.10656691536040284,False,True
64,37,0.0010204755000131627,24866816,0.059697408560570014,False,True
64,124,0.004476237000062611,74795008,0.2521831353569273,False,True
64,87,0.003372273500076517,56672256,0.2108446560452841,False,True
128,37,0.002668690500172488,54951936,0.17384650525273634,False,True
128,124,0.015168636499993227,221945856,0.9063631940340204,False,True
128,87,0.010700636000024133,166109184,0.6698031002307104,False,True
224,37,0.009126632499942389,235374592,0.5548120966561229,False,True
224,124,0.04804996400002892,648052736,3.1227551478708797,False,True
224,87,0.03520749550000346,477581312,2.1722672648547134,False,True
256,37,0.011696706500060827,303661056,0.6915443784030963,False,True
256,124,0.06114709149994724,840343552,4.131109731154735,False,True
256,87,0.04351869999993596,621379584,2.7856450426059007,False,True
384,37,0.026659529999960796,589228032,1.7055341009119922,False,True
384,124,0.14017290150002282,1680965632,9.594814081741339,False,True
384,87,0.10058932500010087,1231040512,6.753320836660524,False,True
512,37,0.049395764499990946,1066500096,3.184112724375041,False,True
512,124,0.2528782480001155,3054600192,17.733314731431296,False,True
512,87,0.18362708000006478,2238951424,12.732674183142494,False,True
208,1,0.0007077835000472987,289010688,0.04338167861994904,False,True
208,2,0.001220271000079265,20590080,0.05902267786733392,False,True
208,4,0.0010542810000515601,25497600,0.056864754299780995,False,True
208,8,0.0018428460000450286,37265408,0.10362359915173194,False,True
208,16,0.0034540275001972987,61718528,0.26431392800859793,False,True
208,32,0.006196843000111585,140795904,0.3975581528300088,False,True
208,64,0.013212307499884446,265650176,0.8322392857254711,False,True
208,128,0.04056782099996781,514170880,2.650817042427746,False,True
208,256,0.08565508049991877,1013284864,5.502816426128731,False,True
368,1,0.0008602340000152253,148364288,0.053453306316346066,False,True
368,2,0.0013587219998498767,32147456,0.07269475205256806,False,True
368,4,0.002533742999958122,50565120,0.1459774222666373,False,True
368,8,0.005249269000046297,88383488,0.3254670137850205,False,True
368,16,0.010043948500083388,220643328,0.6212372982323079,False,True
368,32,0.02141415800008417,423809024,1.3908056630815666,False,True
368,64,0.04518559150005785,830537728,2.7022339284779604,False,True
368,128,0.1464308435000703,1644396544,9.920484643948864,False,True
368,256,0.30132020050007213,3274448896,20.421223288391136,False,True
48,1,0.0006635070000129417,429882368,0.02919404259776943,False,True
48,2,0.0006631779998542697,14043136,0.03350892534103657,False,True
48,4,0.0006751269999085707,14356480,0.033189918442505253,False,True
48,8,0.0006416949998993005,14983168,0.030727565070178,False,True
48,16,0.0005833964999055752,16236544,0.030737119692275088,False,True
48,32,0.0007891999999856125,18743296,0.04519156499917613,False,True
48,64,0.0010535354999774427,23822336,0.0662829752739808,False,True
48,128,0.002660554500039325,66551808,0.19201128707376303,False,True
48,256,0.005328819499936799,118087680,0.32984273652513807,False,True
416,1,0.0010854060000156096,25497600,0.06373059015631655,False,True
416,2,0.0018659840000054828,37265408,0.12062429649955443,False,True
416,4,0.003339000999858399,61718528,0.21116860718409475,False,True
416,8,0.006726199500008079,108953600,0.5209491959252507,False,True
416,16,0.013618111500022678,265650176,0.8323628065765114,False,True
416,32,0.027327593999984856,514170880,1.7369309436014375,False,True
416,64,0.05723887399994965,1013284864,3.8867256045429817,False,True
416,128,0.18334379649991206,2010292224,12.522234625906794,False,True
416,256,0.3806763850000152,4003373056,25.354360574529263,False,True
